sentiment_5bin,share
positive,0.27130357242378644
negative,0.22079641085660145
neutral,0.21037451931115198
very_positive,0.1617761801259544
very_negative,0.13574931728250572
